Title,Description,Filename
Gullah Geechee Encyclopedia Volume 01,A volume from the Gullah Geechee cultural heritage encyclopedia series.,pedia-vol-01.epub
Gullah Geechee Encyclopedia Volume 02,A volume from the Gullah Geechee cultural heritage encyclopedia series.,pedia-vol-02.epub
Gullah Geechee Encyclopedia Volume 03,A volume from the Gullah Geechee cultural heritage encyclopedia series.,pedia-vol-03.epub
Gullah Geechee Encyclopedia Volume 04,A volume from the Gullah Geechee cultural heritage encyclopedia series.,pedia-vol-04.epub
Gullah Geechee Encyclopedia Volume 05,A volume from the Gullah Geechee cultural heritage encyclopedia series.,pedia-vol-05.epub
Gullah Geechee Encyclopedia Volume 06,A volume from the Gullah Geechee cultural heritage encyclopedia series.,pedia-vol-06.epub
Gullah Geechee Encyclopedia Volume 07,A volume from the Gullah Geechee cultural heritage encyclopedia series.,pedia-vol-07.epub
Gullah Geechee Encyclopedia Volume 08,A volume from the Gullah Geechee cultural heritage encyclopedia series.,pedia-vol-08.epub
Gullah Geechee Encyclopedia Volume 09,A volume from the Gullah Geechee cultural heritage encyclopedia series.,pedia-vol-09.epub
Gullah Geechee Encyclopedia Volume 10,A volume from the Gullah Geechee cultural heritage encyclopedia series.,pedia-vol-10.epub
Gullah Geechee Encyclopedia Volume 11,A volume from the Gullah Geechee cultural heritage encyclopedia series.,pedia-vol-11.epub
Gullah Geechee Encyclopedia Volume 12,A volume from the Gullah Geechee cultural heritage encyclopedia series.,pedia-vol-12.epub
Gullah Geechee Encyclopedia Volume 13,A volume from the Gullah Geechee cultural heritage encyclopedia series.,pedia-vol-13.epub
Gullah Geechee Encyclopedia Volume 14,A volume from the Gullah Geechee cultural heritage encyclopedia series.,pedia-vol-14.epub
Gullah Geechee Encyclopedia Volume 15,A volume from the Gullah Geechee cultural heritage encyclopedia series.,pedia-vol-15.epub
Gullah Geechee Encyclopedia Volume 16,A volume from the Gullah Geechee cultural heritage encyclopedia series.,pedia-vol-16.epub
Gullah Geechee Encyclopedia Volume 17,A volume from the Gullah Geechee cultural heritage encyclopedia series.,pedia-vol-17.epub
Gullah Geechee Encyclopedia Volume 18,A volume from the Gullah Geechee cultural heritage encyclopedia series.,pedia-vol-18.epub
Gullah Geechee Encyclopedia Volume 19,A volume from the Gullah Geechee cultural heritage encyclopedia series.,pedia-vol-19.epub
Gullah Geechee Encyclopedia Volume 20,A volume from the Gullah Geechee cultural heritage encyclopedia series.,pedia-vol-20.epub
Gullah Geechee Encyclopedia Volume 21,A volume from the Gullah Geechee cultural heritage encyclopedia series.,pedia-vol-21.epub
Gullah Geechee Encyclopedia Volume 22,A volume from the Gullah Geechee cultural heritage encyclopedia series.,pedia-vol-22.epub
Gullah Geechee Encyclopedia Volume 23,A volume from the Gullah Geechee cultural heritage encyclopedia series.,pedia-vol-23.epub
Gullah Geechee Encyclopedia Volume 24,A volume from the Gullah Geechee cultural heritage encyclopedia series.,pedia-vol-24.epub
Gullah Geechee Encyclopedia Volume 25,A volume from the Gullah Geechee cultural heritage encyclopedia series.,pedia-vol-25.epub
Gullah Geechee Encyclopedia Volume 26,A volume from the Gullah Geechee cultural heritage encyclopedia series.,pedia-vol-26.epub
Gullah Geechee Encyclopedia Volume 27,A volume from the Gullah Geechee cultural heritage encyclopedia series.,pedia-vol-27.epub
Gullah Geechee Encyclopedia Volume 28,A volume from the Gullah Geechee cultural heritage encyclopedia series.,pedia-vol-28.epub
Gullah Geechee Encyclopedia Volume 29,A volume from the Gullah Geechee cultural heritage encyclopedia series.,pedia-vol-29.epub
Gullah Geechee Encyclopedia Volume 30,A volume from the Gullah Geechee cultural heritage encyclopedia series.,pedia-vol-30.epub
Gullah Geechee Encyclopedia Volume 31,A volume from the Gullah Geechee cultural heritage encyclopedia series.,pedia-vol-31.epub
Gullah Geechee Encyclopedia Volume 32,A volume from the Gullah Geechee cultural heritage encyclopedia series.,pedia-vol-32.epub
Gullah Geechee Encyclopedia Volume 33,A volume from the Gullah Geechee cultural heritage encyclopedia series.,pedia-vol-33.epub
Gullah Geechee Encyclopedia Volume 34,A volume from the Gullah Geechee cultural heritage encyclopedia series.,pedia-vol-34.epub
Gullah Geechee Encyclopedia Volume 35,A volume from the Gullah Geechee cultural heritage encyclopedia series.,pedia-vol-35.epub
Gullah Geechee Encyclopedia Volume 36,A volume from the Gullah Geechee cultural heritage encyclopedia series.,pedia-vol-36.epub
Gullah Geechee Encyclopedia Volume 37,A volume from the Gullah Geechee cultural heritage encyclopedia series.,pedia-vol-37.epub
Gullah Geechee Encyclopedia Volume 38,A volume from the Gullah Geechee cultural heritage encyclopedia series.,pedia-vol-38.epub
Gullah Geechee Encyclopedia Volume 39,A volume from the Gullah Geechee cultural heritage encyclopedia series.,pedia-vol-39.epub
Gullah Geechee Encyclopedia Volume 40,A volume from the Gullah Geechee cultural heritage encyclopedia series.,pedia-vol-40.epub
Gullah Geechee Encyclopedia Volume 41,A volume from the Gullah Geechee cultural heritage encyclopedia series.,pedia-vol-41.epub
Gullah Geechee Encyclopedia Volume 42,A volume from the Gullah Geechee cultural heritage encyclopedia series.,pedia-vol-42.epub
Gullah Geechee Encyclopedia Volume 43,A volume from the Gullah Geechee cultural heritage encyclopedia series.,pedia-vol-43.epub
Gullah Geechee Encyclopedia Volume 44,A volume from the Gullah Geechee cultural heritage encyclopedia series.,pedia-vol-44.epub
Gullah Geechee Encyclopedia Volume 45,A volume from the Gullah Geechee cultural heritage encyclopedia series.,pedia-vol-45.epub
Gullah Geechee Encyclopedia Volume 46,A volume from the Gullah Geechee cultural heritage encyclopedia series.,pedia-vol-46.epub
Gullah Geechee Encyclopedia Volume 47,A volume from the Gullah Geechee cultural heritage encyclopedia series.,pedia-vol-47.epub
Gullah Geechee Encyclopedia Volume 48,A volume from the Gullah Geechee cultural heritage encyclopedia series.,pedia-vol-48.epub
Gullah Geechee Encyclopedia Volume 49,A volume from the Gullah Geechee cultural heritage encyclopedia series.,pedia-vol-49.epub
Gullah Geechee Encyclopedia Volume 50,A volume from the Gullah Geechee cultural heritage encyclopedia series.,pedia-vol-50.epub
GGB:  And Move On,A Gullah Geechee Biz publication:  and move on.,-and-move-on.epub
GGB:  Build Faith,A Gullah Geechee Biz publication:  build faith.,-build-faith.epub
GGB:  Effectively,A Gullah Geechee Biz publication:  effectively.,-effectively.epub
GGB:  Imagination,A Gullah Geechee Biz publication:  imagination.,-imagination.epub
GGB:  Inner Peace,A Gullah Geechee Biz publication:  inner peace.,-inner-peace.epub
GGB:  Journey Map,A Gullah Geechee Biz publication:  journey map.,-journey-map.epub
GGB:  Launch Plan,A Gullah Geechee Biz publication:  launch plan.,-launch-plan.epub
GGB:  On A Budget,A Gullah Geechee Biz publication:  on a budget.,-on-a-budget.epub
GGB:  Or Services,A Gullah Geechee Biz publication:  or services.,-or-services.epub
GGB:  Remote Team,A Gullah Geechee Biz publication:  remote team.,-remote-team.epub
GGB:  Side Dishes,A Gullah Geechee Biz publication:  side dishes.,-side-dishes.epub
GGB:  Side Hustle,A Gullah Geechee Biz publication:  side hustle.,-side-hustle.epub
GGB:  Stories 008,A Gullah Geechee Biz publication:  stories 008.,-stories-008.epub
GGB:  Style Guide,A Gullah Geechee Biz publication:  style guide.,-style-guide.epub
GGB:  To Yearning,A Gullah Geechee Biz publication:  to yearning.,-to-yearning.epub
GGB:  Tough Times,A Gullah Geechee Biz publication:  tough times.,-tough-times.epub
GGB:  Transitions,A Gullah Geechee Biz publication:  transitions.,-transitions.epub
GGB: 010E09E3B112,A Gullah Geechee Biz publication: 010e09e3b112.,010e09e3b112.epub
GGB: 02168815E65F,A Gullah Geechee Biz publication: 02168815e65f.,02168815e65f.epub
GGB: 0234650Cb86F,A Gullah Geechee Biz publication: 0234650cb86f.,0234650cb86f.epub
GGB: 025Fa46487Bf,A Gullah Geechee Biz publication: 025fa46487bf.,025fa46487bf.epub
GGB: 029Eeee4A78D,A Gullah Geechee Biz publication: 029eeee4a78d.,029eeee4a78d.epub
GGB: 03105Aeb40F7,A Gullah Geechee Biz publication: 03105aeb40f7.,03105aeb40f7.epub
GGB: 03822B1F5F42,A Gullah Geechee Biz publication: 03822b1f5f42.,03822b1f5f42.epub
GGB: 03A1Cf76B1D5,A Gullah Geechee Biz publication: 03a1cf76b1d5.,03a1cf76b1d5.epub
GGB: 0427D5B3303E,A Gullah Geechee Biz publication: 0427d5b3303e.,0427d5b3303e.epub
GGB: 04368B5B001F,A Gullah Geechee Biz publication: 04368b5b001f.,04368b5b001f.epub
GGB: 09C9E8A62372,A Gullah Geechee Biz publication: 09c9e8a62372.,09c9e8a62372.epub
GGB: 0Bfdfa651Fdf,A Gullah Geechee Biz publication: 0bfdfa651fdf.,0bfdfa651fdf.epub
GGB: 0D5Deefabd55,A Gullah Geechee Biz publication: 0d5deefabd55.,0d5deefabd55.epub
GGB: 0D7292Eb8C1F,A Gullah Geechee Biz publication: 0d7292eb8c1f.,0d7292eb8c1f.epub
GGB: 0D8E27B1F9A0,A Gullah Geechee Biz publication: 0d8e27b1f9a0.,0d8e27b1f9a0.epub
GGB: 0E46D262C4Ca,A Gullah Geechee Biz publication: 0e46d262c4ca.,0e46d262c4ca.epub
GGB: 11Efea168766,A Gullah Geechee Biz publication: 11efea168766.,11efea168766.epub
GGB: 12B80C645015,A Gullah Geechee Biz publication: 12b80c645015.,12b80c645015.epub
GGB: 175176403933,A Gullah Geechee Biz publication: 175176403933.,175176403933.epub
GGB: 1777D6678B64,A Gullah Geechee Biz publication: 1777d6678b64.,1777d6678b64.epub
GGB: 180425Ab4530,A Gullah Geechee Biz publication: 180425ab4530.,180425ab4530.epub
GGB: 185D12B79D14,A Gullah Geechee Biz publication: 185d12b79d14.,185d12b79d14.epub
GGB: 197C8C6Cbdde,A Gullah Geechee Biz publication: 197c8c6cbdde.,197c8c6cbdde.epub
GGB: 1Bad99D0D821,A Gullah Geechee Biz publication: 1bad99d0d821.,1bad99d0d821.epub
GGB: 1Cc327Ac653A,A Gullah Geechee Biz publication: 1cc327ac653a.,1cc327ac653a.epub
GGB: 1D98Ecd53D28,A Gullah Geechee Biz publication: 1d98ecd53d28.,1d98ecd53d28.epub
GGB: 1E0584C46878,A Gullah Geechee Biz publication: 1e0584c46878.,1e0584c46878.epub
GGB: 1E812B9E5Caf,A Gullah Geechee Biz publication: 1e812b9e5caf.,1e812b9e5caf.epub
GGB: 1Ee609321333,A Gullah Geechee Biz publication: 1ee609321333.,1ee609321333.epub
GGB: 1Ef2E49Aa467,A Gullah Geechee Biz publication: 1ef2e49aa467.,1ef2e49aa467.epub
GGB: 20252D0B60Eb,A Gullah Geechee Biz publication: 20252d0b60eb.,20252d0b60eb.epub
GGB: 211028Fec40B,A Gullah Geechee Biz publication: 211028fec40b.,211028fec40b.epub
GGB: 21Ad69616Ef3,A Gullah Geechee Biz publication: 21ad69616ef3.,21ad69616ef3.epub
GGB: 22A0753E8Bfa,A Gullah Geechee Biz publication: 22a0753e8bfa.,22a0753e8bfa.epub
GGB: 22Ae75D0F96A,A Gullah Geechee Biz publication: 22ae75d0f96a.,22ae75d0f96a.epub
GGB: 23Cf2B0F6D8E,A Gullah Geechee Biz publication: 23cf2b0f6d8e.,23cf2b0f6d8e.epub
GGB: 23D074486Bc1,A Gullah Geechee Biz publication: 23d074486bc1.,23d074486bc1.epub
GGB: 23F2C1C1086F,A Gullah Geechee Biz publication: 23f2c1c1086f.,23f2c1c1086f.epub
GGB: 25101A37F8C0,A Gullah Geechee Biz publication: 25101a37f8c0.,25101a37f8c0.epub
GGB: 25975C5C68C0,A Gullah Geechee Biz publication: 25975c5c68c0.,25975c5c68c0.epub
GGB: 25Bc87492228,A Gullah Geechee Biz publication: 25bc87492228.,25bc87492228.epub
GGB: 269D0Aacb0E4,A Gullah Geechee Biz publication: 269d0aacb0e4.,269d0aacb0e4.epub
GGB: 28604A1577E6,A Gullah Geechee Biz publication: 28604a1577e6.,28604a1577e6.epub
GGB: 2966Bdc6F325,A Gullah Geechee Biz publication: 2966bdc6f325.,2966bdc6f325.epub
GGB: 2A2De252B4Bc,A Gullah Geechee Biz publication: 2a2de252b4bc.,2a2de252b4bc.epub
GGB: 2A2F28Aebfe7,A Gullah Geechee Biz publication: 2a2f28aebfe7.,2a2f28aebfe7.epub
GGB: 2B3125039E26,A Gullah Geechee Biz publication: 2b3125039e26.,2b3125039e26.epub
GGB: 2Bce2Bb9Fa50,A Gullah Geechee Biz publication: 2bce2bb9fa50.,2bce2bb9fa50.epub
GGB: 2Be5743F20C7,A Gullah Geechee Biz publication: 2be5743f20c7.,2be5743f20c7.epub
GGB: 2C116A81Ce20,A Gullah Geechee Biz publication: 2c116a81ce20.,2c116a81ce20.epub
GGB: 2C6254Dab413,A Gullah Geechee Biz publication: 2c6254dab413.,2c6254dab413.epub
GGB: 2Dfeefe673C6,A Gullah Geechee Biz publication: 2dfeefe673c6.,2dfeefe673c6.epub
GGB: 2E2F14E90Aee,A Gullah Geechee Biz publication: 2e2f14e90aee.,2e2f14e90aee.epub
GGB: 2E8B441Ae3B9,A Gullah Geechee Biz publication: 2e8b441ae3b9.,2e8b441ae3b9.epub
GGB: 2F5563Acba84,A Gullah Geechee Biz publication: 2f5563acba84.,2f5563acba84.epub
GGB: 2F5A8871A757,A Gullah Geechee Biz publication: 2f5a8871a757.,2f5a8871a757.epub
GGB: 2F87833Fe92E,A Gullah Geechee Biz publication: 2f87833fe92e.,2f87833fe92e.epub
GGB: 307Cd54B9A87,A Gullah Geechee Biz publication: 307cd54b9a87.,307cd54b9a87.epub
GGB: 311F4F2F0B81,A Gullah Geechee Biz publication: 311f4f2f0b81.,311f4f2f0b81.epub
GGB: 315A8Af273D3,A Gullah Geechee Biz publication: 315a8af273d3.,315a8af273d3.epub
GGB: 33A109386803,A Gullah Geechee Biz publication: 33a109386803.,33a109386803.epub
GGB: 36B9Ede4E858,A Gullah Geechee Biz publication: 36b9ede4e858.,36b9ede4e858.epub
GGB: 387D745F31Fe,A Gullah Geechee Biz publication: 387d745f31fe.,387d745f31fe.epub
GGB: 38D903D6Cc2A,A Gullah Geechee Biz publication: 38d903d6cc2a.,38d903d6cc2a.epub
GGB: 38Df8921C54B,A Gullah Geechee Biz publication: 38df8921c54b.,38df8921c54b.epub
GGB: 39B33F102C4D,A Gullah Geechee Biz publication: 39b33f102c4d.,39b33f102c4d.epub
GGB: 3A131B24F426,A Gullah Geechee Biz publication: 3a131b24f426.,3a131b24f426.epub
GGB: 3Aa12C4E3C1E,A Gullah Geechee Biz publication: 3aa12c4e3c1e.,3aa12c4e3c1e.epub
GGB: 3Ba809E1B94F,A Gullah Geechee Biz publication: 3ba809e1b94f.,3ba809e1b94f.epub
GGB: 3Bb268934116,A Gullah Geechee Biz publication: 3bb268934116.,3bb268934116.epub
GGB: 3D029211F907,A Gullah Geechee Biz publication: 3d029211f907.,3d029211f907.epub
GGB: 3Dd87259575D,A Gullah Geechee Biz publication: 3dd87259575d.,3dd87259575d.epub
GGB: 3E1051A71De5,A Gullah Geechee Biz publication: 3e1051a71de5.,3e1051a71de5.epub
GGB: 40A126Dd23Ac,A Gullah Geechee Biz publication: 40a126dd23ac.,40a126dd23ac.epub
GGB: 43293F1Ae464,A Gullah Geechee Biz publication: 43293f1ae464.,43293f1ae464.epub
GGB: 43A293Ce3F2D,A Gullah Geechee Biz publication: 43a293ce3f2d.,43a293ce3f2d.epub
GGB: 44D24Ebb6E99,A Gullah Geechee Biz publication: 44d24ebb6e99.,44d24ebb6e99.epub
GGB: 45035Da1C7A8,A Gullah Geechee Biz publication: 45035da1c7a8.,45035da1c7a8.epub
GGB: 45078073C910,A Gullah Geechee Biz publication: 45078073c910.,45078073c910.epub
GGB: 4540Ddeb07D6,A Gullah Geechee Biz publication: 4540ddeb07d6.,4540ddeb07d6.epub
GGB: 45B84A0491F5,A Gullah Geechee Biz publication: 45b84a0491f5.,45b84a0491f5.epub
GGB: 45Edf3493Bc5,A Gullah Geechee Biz publication: 45edf3493bc5.,45edf3493bc5.epub
GGB: 46453676B3D8,A Gullah Geechee Biz publication: 46453676b3d8.,46453676b3d8.epub
GGB: 47F01E7Aa587,A Gullah Geechee Biz publication: 47f01e7aa587.,47f01e7aa587.epub
GGB: 481338C881Ec,A Gullah Geechee Biz publication: 481338c881ec.,481338c881ec.epub
GGB: 4955Bb0F77D5,A Gullah Geechee Biz publication: 4955bb0f77d5.,4955bb0f77d5.epub
GGB: 4958C273Ecc4,A Gullah Geechee Biz publication: 4958c273ecc4.,4958c273ecc4.epub
GGB: 4A5E01514Ba0,A Gullah Geechee Biz publication: 4a5e01514ba0.,4a5e01514ba0.epub
GGB: 4Ba23D2C9Caf,A Gullah Geechee Biz publication: 4ba23d2c9caf.,4ba23d2c9caf.epub
GGB: 4Cffeca5Ceba,A Gullah Geechee Biz publication: 4cffeca5ceba.,4cffeca5ceba.epub
GGB: 4D2C367Fefc1,A Gullah Geechee Biz publication: 4d2c367fefc1.,4d2c367fefc1.epub
GGB: 4Dcb5Ff28737,A Gullah Geechee Biz publication: 4dcb5ff28737.,4dcb5ff28737.epub
GGB: 4Ec7489Aba68,A Gullah Geechee Biz publication: 4ec7489aba68.,4ec7489aba68.epub
GGB: 4F4Bc0C2028A,A Gullah Geechee Biz publication: 4f4bc0c2028a.,4f4bc0c2028a.epub
GGB: 5003C55288B3,A Gullah Geechee Biz publication: 5003c55288b3.,5003c55288b3.epub
GGB: 512Dc6885Be9,A Gullah Geechee Biz publication: 512dc6885be9.,512dc6885be9.epub
GGB: 519D675D9D1E,A Gullah Geechee Biz publication: 519d675d9d1e.,519d675d9d1e.epub
GGB: 52040Ebc3Dec,A Gullah Geechee Biz publication: 52040ebc3dec.,52040ebc3dec.epub
GGB: 5375D3B83063,A Gullah Geechee Biz publication: 5375d3b83063.,5375d3b83063.epub
GGB: 55A66Ec3F26E,A Gullah Geechee Biz publication: 55a66ec3f26e.,55a66ec3f26e.epub
GGB: 565Ca1Cce257,A Gullah Geechee Biz publication: 565ca1cce257.,565ca1cce257.epub
GGB: 57C30Ab5Fe86,A Gullah Geechee Biz publication: 57c30ab5fe86.,57c30ab5fe86.epub
GGB: 58F670A4E9E1,A Gullah Geechee Biz publication: 58f670a4e9e1.,58f670a4e9e1.epub
GGB: 590Fc240E04D,A Gullah Geechee Biz publication: 590fc240e04d.,590fc240e04d.epub
GGB: 591E6D4Ad51B,A Gullah Geechee Biz publication: 591e6d4ad51b.,591e6d4ad51b.epub
GGB: 59Bcd026E6D4,A Gullah Geechee Biz publication: 59bcd026e6d4.,59bcd026e6d4.epub
GGB: 59Cc105D8F49,A Gullah Geechee Biz publication: 59cc105d8f49.,59cc105d8f49.epub
GGB: 5A8A83326B0F,A Gullah Geechee Biz publication: 5a8a83326b0f.,5a8a83326b0f.epub
GGB: 5Afda551A463,A Gullah Geechee Biz publication: 5afda551a463.,5afda551a463.epub
GGB: 5B2574Acba3D,A Gullah Geechee Biz publication: 5b2574acba3d.,5b2574acba3d.epub
GGB: 5Da087Cbd453,A Gullah Geechee Biz publication: 5da087cbd453.,5da087cbd453.epub
GGB: 5E2D36625E76,A Gullah Geechee Biz publication: 5e2d36625e76.,5e2d36625e76.epub
GGB: 5Ea066E4D915,A Gullah Geechee Biz publication: 5ea066e4d915.,5ea066e4d915.epub
GGB: 5F843E6F169F,A Gullah Geechee Biz publication: 5f843e6f169f.,5f843e6f169f.epub
GGB: 602909097129,A Gullah Geechee Biz publication: 602909097129.,602909097129.epub
GGB: 607F8Fae4579,A Gullah Geechee Biz publication: 607f8fae4579.,607f8fae4579.epub
GGB: 61Bd1Fa99931,A Gullah Geechee Biz publication: 61bd1fa99931.,61bd1fa99931.epub
GGB: 621D618B02A8,A Gullah Geechee Biz publication: 621d618b02a8.,621d618b02a8.epub
GGB: 630B96Af698B,A Gullah Geechee Biz publication: 630b96af698b.,630b96af698b.epub
GGB: 651B7C2C65D5,A Gullah Geechee Biz publication: 651b7c2c65d5.,651b7c2c65d5.epub
GGB: 658Fcf99D758,A Gullah Geechee Biz publication: 658fcf99d758.,658fcf99d758.epub
GGB: 65Ee0C68C9E5,A Gullah Geechee Biz publication: 65ee0c68c9e5.,65ee0c68c9e5.epub
GGB: 6638A78F709F,A Gullah Geechee Biz publication: 6638a78f709f.,6638a78f709f.epub
GGB: 665A4D9194E5,A Gullah Geechee Biz publication: 665a4d9194e5.,665a4d9194e5.epub
GGB: 66Ed0E5A8Cea,A Gullah Geechee Biz publication: 66ed0e5a8cea.,66ed0e5a8cea.epub
GGB: 683493A84B50,A Gullah Geechee Biz publication: 683493a84b50.,683493a84b50.epub
GGB: 68D699F37A80,A Gullah Geechee Biz publication: 68d699f37a80.,68d699f37a80.epub
GGB: 68Dd4A90761B,A Gullah Geechee Biz publication: 68dd4a90761b.,68dd4a90761b.epub
GGB: 6901Ceff989C,A Gullah Geechee Biz publication: 6901ceff989c.,6901ceff989c.epub
GGB: 6Ac6Aefee87E,A Gullah Geechee Biz publication: 6ac6aefee87e.,6ac6aefee87e.epub
GGB: 6Af2518482Ff,A Gullah Geechee Biz publication: 6af2518482ff.,6af2518482ff.epub
GGB: 6B3731Fb6D64,A Gullah Geechee Biz publication: 6b3731fb6d64.,6b3731fb6d64.epub
GGB: 6Ccc99Eee7B0,A Gullah Geechee Biz publication: 6ccc99eee7b0.,6ccc99eee7b0.epub
GGB: 6E8970939881,A Gullah Geechee Biz publication: 6e8970939881.,6e8970939881.epub
GGB: 6F7414E72765,A Gullah Geechee Biz publication: 6f7414e72765.,6f7414e72765.epub
GGB: 6Fac364E6503,A Gullah Geechee Biz publication: 6fac364e6503.,6fac364e6503.epub
GGB: 70C276A616F8,A Gullah Geechee Biz publication: 70c276a616f8.,70c276a616f8.epub
GGB: 71539F869Db3,A Gullah Geechee Biz publication: 71539f869db3.,71539f869db3.epub
GGB: 72F44F2B1567,A Gullah Geechee Biz publication: 72f44f2b1567.,72f44f2b1567.epub
GGB: 730Ac8Ed8353,A Gullah Geechee Biz publication: 730ac8ed8353.,730ac8ed8353.epub
GGB: 73Bf602Fe09E,A Gullah Geechee Biz publication: 73bf602fe09e.,73bf602fe09e.epub
GGB: 7476721E986B,A Gullah Geechee Biz publication: 7476721e986b.,7476721e986b.epub
GGB: 74Bf1Bd36957,A Gullah Geechee Biz publication: 74bf1bd36957.,74bf1bd36957.epub
GGB: 770A7F2Fc7Bb,A Gullah Geechee Biz publication: 770a7f2fc7bb.,770a7f2fc7bb.epub
GGB: 77318Ff88Af5,A Gullah Geechee Biz publication: 77318ff88af5.,77318ff88af5.epub
GGB: 7750Fdf8E322,A Gullah Geechee Biz publication: 7750fdf8e322.,7750fdf8e322.epub
GGB: 77Cc1A3060A2,A Gullah Geechee Biz publication: 77cc1a3060a2.,77cc1a3060a2.epub
GGB: 7849A9495346,A Gullah Geechee Biz publication: 7849a9495346.,7849a9495346.epub
GGB: 7877E1B3658F,A Gullah Geechee Biz publication: 7877e1b3658f.,7877e1b3658f.epub
GGB: 7926172Fe8A2,A Gullah Geechee Biz publication: 7926172fe8a2.,7926172fe8a2.epub
GGB: 7B5951E0B2E4,A Gullah Geechee Biz publication: 7b5951e0b2e4.,7b5951e0b2e4.epub
GGB: 7C5B348D4169,A Gullah Geechee Biz publication: 7c5b348d4169.,7c5b348d4169.epub
GGB: 7Cb1Fabffc6A,A Gullah Geechee Biz publication: 7cb1fabffc6a.,7cb1fabffc6a.epub
GGB: 7D9Fb67Ebd93,A Gullah Geechee Biz publication: 7d9fb67ebd93.,7d9fb67ebd93.epub
GGB: 7E4530F102Cf,A Gullah Geechee Biz publication: 7e4530f102cf.,7e4530f102cf.epub
GGB: 7Efaded5Ec30,A Gullah Geechee Biz publication: 7efaded5ec30.,7efaded5ec30.epub
GGB: 7Fdd729689F6,A Gullah Geechee Biz publication: 7fdd729689f6.,7fdd729689f6.epub
GGB: 8067A6Ccc1Ed,A Gullah Geechee Biz publication: 8067a6ccc1ed.,8067a6ccc1ed.epub
GGB: 80C8Cb3E7B48,A Gullah Geechee Biz publication: 80c8cb3e7b48.,80c8cb3e7b48.epub
GGB: 80Ceaef39Ba3,A Gullah Geechee Biz publication: 80ceaef39ba3.,80ceaef39ba3.epub
GGB: 819152Ee765B,A Gullah Geechee Biz publication: 819152ee765b.,819152ee765b.epub
GGB: 81B0F089F550,A Gullah Geechee Biz publication: 81b0f089f550.,81b0f089f550.epub
GGB: 82C46A52Eb20,A Gullah Geechee Biz publication: 82c46a52eb20.,82c46a52eb20.epub
GGB: 8471603845C2,A Gullah Geechee Biz publication: 8471603845c2.,8471603845c2.epub
GGB: 8709F7Eb6833,A Gullah Geechee Biz publication: 8709f7eb6833.,8709f7eb6833.epub
GGB: 871E14Aed6D3,A Gullah Geechee Biz publication: 871e14aed6d3.,871e14aed6d3.epub
GGB: 87Cca3761C92,A Gullah Geechee Biz publication: 87cca3761c92.,87cca3761c92.epub
GGB: 8911F81B77Ff,A Gullah Geechee Biz publication: 8911f81b77ff.,8911f81b77ff.epub
GGB: 8A97Df8E40E1,A Gullah Geechee Biz publication: 8a97df8e40e1.,8a97df8e40e1.epub
GGB: 8Aaa8B164E83,A Gullah Geechee Biz publication: 8aaa8b164e83.,8aaa8b164e83.epub
GGB: 8Ba0648D3A39,A Gullah Geechee Biz publication: 8ba0648d3a39.,8ba0648d3a39.epub
GGB: 8Cc2Fe8Cc391,A Gullah Geechee Biz publication: 8cc2fe8cc391.,8cc2fe8cc391.epub
GGB: 8D33Be0Cfc10,A Gullah Geechee Biz publication: 8d33be0cfc10.,8d33be0cfc10.epub
GGB: 8E5661F250D2,A Gullah Geechee Biz publication: 8e5661f250d2.,8e5661f250d2.epub
GGB: 8F48286F7C31,A Gullah Geechee Biz publication: 8f48286f7c31.,8f48286f7c31.epub
GGB: 8Fc8B0877D04,A Gullah Geechee Biz publication: 8fc8b0877d04.,8fc8b0877d04.epub
GGB: 8Fe026086606,A Gullah Geechee Biz publication: 8fe026086606.,8fe026086606.epub
GGB: 90A8C9B781Cb,A Gullah Geechee Biz publication: 90a8c9b781cb.,90a8c9b781cb.epub
GGB: 91783Cf0D9C4,A Gullah Geechee Biz publication: 91783cf0d9c4.,91783cf0d9c4.epub
GGB: 925A19157015,A Gullah Geechee Biz publication: 925a19157015.,925a19157015.epub
GGB: 92B7869212D5,A Gullah Geechee Biz publication: 92b7869212d5.,92b7869212d5.epub
GGB: 931Ebb5589Fd,A Gullah Geechee Biz publication: 931ebb5589fd.,931ebb5589fd.epub
GGB: 964D5437Fe19,A Gullah Geechee Biz publication: 964d5437fe19.,964d5437fe19.epub
GGB: 972Dfbc5D63E,A Gullah Geechee Biz publication: 972dfbc5d63e.,972dfbc5d63e.epub
GGB: 978195A26Eb8,A Gullah Geechee Biz publication: 978195a26eb8.,978195a26eb8.epub
GGB: 98Fd3512E372,A Gullah Geechee Biz publication: 98fd3512e372.,98fd3512e372.epub
GGB: 99939D9283E9,A Gullah Geechee Biz publication: 99939d9283e9.,99939d9283e9.epub
GGB: 9Aba8E84D1Ad,A Gullah Geechee Biz publication: 9aba8e84d1ad.,9aba8e84d1ad.epub
GGB: 9Ad464E10Fc1,A Gullah Geechee Biz publication: 9ad464e10fc1.,9ad464e10fc1.epub
GGB: 9B3457689380,A Gullah Geechee Biz publication: 9b3457689380.,9b3457689380.epub
GGB: 9C0A78E701Fa,A Gullah Geechee Biz publication: 9c0a78e701fa.,9c0a78e701fa.epub
GGB: 9D4Fc03489E0,A Gullah Geechee Biz publication: 9d4fc03489e0.,9d4fc03489e0.epub
GGB: 9E32E3E72Ffb,A Gullah Geechee Biz publication: 9e32e3e72ffb.,9e32e3e72ffb.epub
GGB: 9F89F74A50A4,A Gullah Geechee Biz publication: 9f89f74a50a4.,9f89f74a50a4.epub
GGB: A0Ea76633C6F,A Gullah Geechee Biz publication: a0ea76633c6f.,a0ea76633c6f.epub
GGB: A265021C1798,A Gullah Geechee Biz publication: a265021c1798.,a265021c1798.epub
GGB: A29050E341Fe,A Gullah Geechee Biz publication: a29050e341fe.,a29050e341fe.epub
GGB: A334D8Cbacee,A Gullah Geechee Biz publication: a334d8cbacee.,a334d8cbacee.epub
GGB: A37Ecf7C0757,A Gullah Geechee Biz publication: a37ecf7c0757.,a37ecf7c0757.epub
GGB: A73Be9C91Ce4,A Gullah Geechee Biz publication: a73be9c91ce4.,a73be9c91ce4.epub
GGB: A7E0Eff8F879,A Gullah Geechee Biz publication: a7e0eff8f879.,a7e0eff8f879.epub
GGB: A81Eefd9089E,A Gullah Geechee Biz publication: a81eefd9089e.,a81eefd9089e.epub
GGB: A92F9D201702,A Gullah Geechee Biz publication: a92f9d201702.,a92f9d201702.epub
GGB: A9D41E7Ca08C,A Gullah Geechee Biz publication: a9d41e7ca08c.,a9d41e7ca08c.epub
GGB: Abd74B933391,A Gullah Geechee Biz publication: abd74b933391.,abd74b933391.epub
GGB: Ac1652E2Afc5,A Gullah Geechee Biz publication: ac1652e2afc5.,ac1652e2afc5.epub
GGB: Acac3E5F7952,A Gullah Geechee Biz publication: acac3e5f7952.,acac3e5f7952.epub
GGB: Ad From Scra,A Gullah Geechee Biz publication: ad from scra.,ad-from-scra.epub
GGB: Ad0A5201156C,A Gullah Geechee Biz publication: ad0a5201156c.,ad0a5201156c.epub
GGB: Ad5Dcae6D8E2,A Gullah Geechee Biz publication: ad5dcae6d8e2.,ad5dcae6d8e2.epub
GGB: Ad8Ccccbfe03,A Gullah Geechee Biz publication: ad8ccccbfe03.,ad8ccccbfe03.epub
GGB: Ad9030A09662,A Gullah Geechee Biz publication: ad9030a09662.,ad9030a09662.epub
GGB: Adaptability,A Gullah Geechee Biz publication: adaptability.,adaptability.epub
GGB: Ade48D13D00E,A Gullah Geechee Biz publication: ade48d13d00e.,ade48d13d00e.epub
GGB: Ah Breakfast,A Gullah Geechee Biz publication: ah breakfast.,ah-breakfast.epub
GGB: Ah Tea Cakes,A Gullah Geechee Biz publication: ah tea cakes.,ah-tea-cakes.epub
GGB: Al Marketing,A Gullah Geechee Biz publication: al marketing.,al-marketing.epub
GGB: Al Self Care,A Gullah Geechee Biz publication: al self care.,al-self-care.epub
GGB: Al Toughness,A Gullah Geechee Biz publication: al toughness.,al-toughness.epub
GGB: All Business,A Gullah Geechee Biz publication: all business.,all-business.epub
GGB: And Tomatoes,A Gullah Geechee Biz publication: and tomatoes.,and-tomatoes.epub
GGB: Ant Proposal,A Gullah Geechee Biz publication: ant proposal.,ant-proposal.epub
GGB: Ass Lemonade,A Gullah Geechee Biz publication: ass lemonade.,ass-lemonade.epub
GGB: Ate Patience,A Gullah Geechee Biz publication: ate patience.,ate-patience.epub
GGB: B000B564Ee9C,A Gullah Geechee Biz publication: b000b564ee9c.,b000b564ee9c.epub
GGB: B0Fb3Eceeeb3,A Gullah Geechee Biz publication: b0fb3eceeeb3.,b0fb3eceeeb3.epub
GGB: B1D8B860B015,A Gullah Geechee Biz publication: b1d8b860b015.,b1d8b860b015.epub
GGB: B278450E7205,A Gullah Geechee Biz publication: b278450e7205.,b278450e7205.epub
GGB: B332B9B06E03,A Gullah Geechee Biz publication: b332b9b06e03.,b332b9b06e03.epub
GGB: B3Ba59Cd4Dc2,A Gullah Geechee Biz publication: b3ba59cd4dc2.,b3ba59cd4dc2.epub
GGB: B3F4Afebf2Fe,A Gullah Geechee Biz publication: b3f4afebf2fe.,b3f4afebf2fe.epub
GGB: B68Ba3E4142C,A Gullah Geechee Biz publication: b68ba3e4142c.,b68ba3e4142c.epub
GGB: B8573Acde2F7,A Gullah Geechee Biz publication: b8573acde2f7.,b8573acde2f7.epub
GGB: Bbce14917965,A Gullah Geechee Biz publication: bbce14917965.,bbce14917965.epub
GGB: Bc6D77A9Ee1D,A Gullah Geechee Biz publication: bc6d77a9ee1d.,bc6d77a9ee1d.epub
GGB: Bc78Ed9037Dd,A Gullah Geechee Biz publication: bc78ed9037dd.,bc78ed9037dd.epub
GGB: Be877628F142,A Gullah Geechee Biz publication: be877628f142.,be877628f142.epub
GGB: Benne Wafers,A Gullah Geechee Biz publication: benne wafers.,benne-wafers.epub
GGB: Better Deals,A Gullah Geechee Biz publication: better deals.,better-deals.epub
GGB: Bf77E6Db1440,A Gullah Geechee Biz publication: bf77e6db1440.,bf77e6db1440.epub
GGB: Bfae96804617,A Gullah Geechee Biz publication: bfae96804617.,bfae96804617.epub
GGB: Bits Forever,A Gullah Geechee Biz publication: bits forever.,bits-forever.epub
GGB: Build Vision,A Gullah Geechee Biz publication: build vision.,build-vision.epub
GGB: C2Dc066Fc484,A Gullah Geechee Biz publication: c2dc066fc484.,c2dc066fc484.epub
GGB: C3517C4A2127,A Gullah Geechee Biz publication: c3517c4a2127.,c3517c4a2127.epub
GGB: C4F6F13825A2,A Gullah Geechee Biz publication: c4f6f13825a2.,c4f6f13825a2.epub
GGB: C5Ce324B1465,A Gullah Geechee Biz publication: c5ce324b1465.,c5ce324b1465.epub
GGB: C6683110B6A6,A Gullah Geechee Biz publication: c6683110b6a6.,c6683110b6a6.epub
GGB: C78Afb822765,A Gullah Geechee Biz publication: c78afb822765.,c78afb822765.epub
GGB: C7A994C7Cb47,A Gullah Geechee Biz publication: c7a994c7cb47.,c7a994c7cb47.epub
GGB: C90Fa1695B0B,A Gullah Geechee Biz publication: c90fa1695b0b.,c90fa1695b0b.epub
GGB: C946948Db645,A Gullah Geechee Biz publication: c946948db645.,c946948db645.epub
GGB: C97Abc096Fdd,A Gullah Geechee Biz publication: c97abc096fdd.,c97abc096fdd.epub
GGB: Caf20F024E88,A Gullah Geechee Biz publication: caf20f024e88.,caf20f024e88.epub
GGB: Camp Cooking,A Gullah Geechee Biz publication: camp cooking.,camp-cooking.epub
GGB: Cbd48E7475E7,A Gullah Geechee Biz publication: cbd48e7475e7.,cbd48e7475e7.epub
GGB: Cbee50D1Cfdb,A Gullah Geechee Biz publication: cbee50d1cfdb.,cbee50d1cfdb.epub
GGB: Cbf1Fd98F39C,A Gullah Geechee Biz publication: cbf1fd98f39c.,cbf1fd98f39c.epub
GGB: Ce7E9027F633,A Gullah Geechee Biz publication: ce7e9027f633.,ce7e9027f633.epub
GGB: Cf95Cfea4Eef,A Gullah Geechee Biz publication: cf95cfea4eef.,cf95cfea4eef.epub
GGB: Chicken Soup,A Gullah Geechee Biz publication: chicken soup.,chicken-soup.epub
GGB: Ckled Shrimp,A Gullah Geechee Biz publication: ckled shrimp.,ckled-shrimp.epub
GGB: Country Boil,A Gullah Geechee Biz publication: country boil.,country-boil.epub
GGB: D Connection,A Gullah Geechee Biz publication: d connection.,d-connection.epub
GGB: D Reflection,A Gullah Geechee Biz publication: d reflection.,d-reflection.epub
GGB: D Seasonings,A Gullah Geechee Biz publication: d seasonings.,d-seasonings.epub
GGB: D Simplicity,A Gullah Geechee Biz publication: d simplicity.,d-simplicity.epub
GGB: D That Works,A Gullah Geechee Biz publication: d that works.,d-that-works.epub
GGB: D196462Caac1,A Gullah Geechee Biz publication: d196462caac1.,d196462caac1.epub
GGB: D25D4079Ad3A,A Gullah Geechee Biz publication: d25d4079ad3a.,d25d4079ad3a.epub
GGB: D2A271Ea8E54,A Gullah Geechee Biz publication: d2a271ea8e54.,d2a271ea8e54.epub
GGB: D2F1381B7Faf,A Gullah Geechee Biz publication: d2f1381b7faf.,d2f1381b7faf.epub
GGB: D3D595E890F6,A Gullah Geechee Biz publication: d3d595e890f6.,d3d595e890f6.epub
GGB: D48A72694278,A Gullah Geechee Biz publication: d48a72694278.,d48a72694278.epub
GGB: D4E3F757A52F,A Gullah Geechee Biz publication: d4e3f757a52f.,d4e3f757a52f.epub
GGB: D50E9476D3D8,A Gullah Geechee Biz publication: d50e9476d3d8.,d50e9476d3d8.epub
GGB: D5C2F1Ece3Ec,A Gullah Geechee Biz publication: d5c2f1ece3ec.,d5c2f1ece3ec.epub
GGB: D6C295E9F582,A Gullah Geechee Biz publication: d6c295e9f582.,d6c295e9f582.epub
GGB: D6Ed863Be738,A Gullah Geechee Biz publication: d6ed863be738.,d6ed863be738.epub
GGB: D7238583D1Fc,A Gullah Geechee Biz publication: d7238583d1fc.,d7238583d1fc.epub
GGB: D7954D3B684A,A Gullah Geechee Biz publication: d7954d3b684a.,d7954d3b684a.epub
GGB: D9218B25Eca7,A Gullah Geechee Biz publication: d9218b25eca7.,d9218b25eca7.epub
GGB: Daacab5B2204,A Gullah Geechee Biz publication: daacab5b2204.,daacab5b2204.epub
GGB: Db1Bca69B7D8,A Gullah Geechee Biz publication: db1bca69b7d8.,db1bca69b7d8.epub
GGB: Db4F4Aef54Ad,A Gullah Geechee Biz publication: db4f4aef54ad.,db4f4aef54ad.epub
GGB: Db5316D62294,A Gullah Geechee Biz publication: db5316d62294.,db5316d62294.epub
GGB: Dd3Cdb5521B2,A Gullah Geechee Biz publication: dd3cdb5521b2.,dd3cdb5521b2.epub
GGB: Ddb233D9518F,A Gullah Geechee Biz publication: ddb233d9518f.,ddb233d9518f.epub
GGB: Ddc4F5Ad922B,A Gullah Geechee Biz publication: ddc4f5ad922b.,ddc4f5ad922b.epub
GGB: De To Wisdom,A Gullah Geechee Biz publication: de to wisdom.,de-to-wisdom.epub
GGB: Df0018997663,A Gullah Geechee Biz publication: df0018997663.,df0018997663.epub
GGB: Df1A6489Fdca,A Gullah Geechee Biz publication: df1a6489fdca.,df1a6489fdca.epub
GGB: Dfc7F181A8Ad,A Gullah Geechee Biz publication: dfc7f181a8ad.,dfc7f181a8ad.epub
GGB: E Appetizers,A Gullah Geechee Biz publication: e appetizers.,e-appetizers.epub
GGB: E Condiments,A Gullah Geechee Biz publication: e condiments.,e-condiments.epub
GGB: E Confidence,A Gullah Geechee Biz publication: e confidence.,e-confidence.epub
GGB: E To Harmony,A Gullah Geechee Biz publication: e to harmony.,e-to-harmony.epub
GGB: E2A9C038544E,A Gullah Geechee Biz publication: e2a9c038544e.,e2a9c038544e.epub
GGB: E30E9A89821D,A Gullah Geechee Biz publication: e30e9a89821d.,e30e9a89821d.epub
GGB: E37981913Fa4,A Gullah Geechee Biz publication: e37981913fa4.,e37981913fa4.epub
GGB: E399Bc982104,A Gullah Geechee Biz publication: e399bc982104.,e399bc982104.epub
GGB: E410F26Cc7C3,A Gullah Geechee Biz publication: e410f26cc7c3.,e410f26cc7c3.epub
GGB: E883B38F9178,A Gullah Geechee Biz publication: e883b38f9178.,e883b38f9178.epub
GGB: E8Ee1F50Dc4B,A Gullah Geechee Biz publication: e8ee1f50dc4b.,e8ee1f50dc4b.epub
GGB: E9E8Ffb3Cd06,A Gullah Geechee Biz publication: e9e8ffb3cd06.,e9e8ffb3cd06.epub
GGB: Ea2Ecdc34Bce,A Gullah Geechee Biz publication: ea2ecdc34bce.,ea2ecdc34bce.epub
GGB: Ea41A8Add5C9,A Gullah Geechee Biz publication: ea41a8add5c9.,ea41a8add5c9.epub
GGB: Ed Every Day,A Gullah Geechee Biz publication: ed every day.,ed-every-day.epub
GGB: Ed7A6843Ab37,A Gullah Geechee Biz publication: ed7a6843ab37.,ed7a6843ab37.epub
GGB: Edd571Bbcc5D,A Gullah Geechee Biz publication: edd571bbcc5d.,edd571bbcc5d.epub
GGB: Ee Beverages,A Gullah Geechee Biz publication: ee beverages.,ee-beverages.epub
GGB: Ee Meal Prep,A Gullah Geechee Biz publication: ee meal prep.,ee-meal-prep.epub
GGB: Ee Smoothies,A Gullah Geechee Biz publication: ee smoothies.,ee-smoothies.epub
GGB: Ee0Dafd7C605,A Gullah Geechee Biz publication: ee0dafd7c605.,ee0dafd7c605.epub
GGB: Ee406A18B3F1,A Gullah Geechee Biz publication: ee406a18b3f1.,ee406a18b3f1.epub
GGB: Eefbade0742D,A Gullah Geechee Biz publication: eefbade0742d.,eefbade0742d.epub
GGB: Ef8498B4F536,A Gullah Geechee Biz publication: ef8498b4f536.,ef8498b4f536.epub
GGB: Elationships,A Gullah Geechee Biz publication: elationships.,elationships.epub
GGB: Enne Chicken,A Gullah Geechee Biz publication: enne chicken.,enne-chicken.epub
GGB: Ent Strategy,A Gullah Geechee Biz publication: ent strategy.,ent-strategy.epub
GGB: Erfectionism,A Gullah Geechee Biz publication: erfectionism.,erfectionism.epub
GGB: Ess Finances,A Gullah Geechee Biz publication: ess finances.,ess-finances.epub
GGB: Ess Planning,A Gullah Geechee Biz publication: ess planning.,ess-planning.epub
GGB: Etermination,A Gullah Geechee Biz publication: etermination.,etermination.epub
GGB: Eting Funnel,A Gullah Geechee Biz publication: eting funnel.,eting-funnel.epub
GGB: F Compassion,A Gullah Geechee Biz publication: f compassion.,f-compassion.epub
GGB: F06Af6B63903,A Gullah Geechee Biz publication: f06af6b63903.,f06af6b63903.epub
GGB: F1790773Cd5B,A Gullah Geechee Biz publication: f1790773cd5b.,f1790773cd5b.epub
GGB: F2B8Dc6Bc44F,A Gullah Geechee Biz publication: f2b8dc6bc44f.,f2b8dc6bc44f.epub
GGB: F334E13A67A3,A Gullah Geechee Biz publication: f334e13a67a3.,f334e13a67a3.epub
GGB: F3D4A3Ee1195,A Gullah Geechee Biz publication: f3d4a3ee1195.,f3d4a3ee1195.epub
GGB: F3E7Aca98Ff7,A Gullah Geechee Biz publication: f3e7aca98ff7.,f3e7aca98ff7.epub
GGB: F3E7Dfdc14Ea,A Gullah Geechee Biz publication: f3e7dfdc14ea.,f3e7dfdc14ea.epub
GGB: F4618923Ddb3,A Gullah Geechee Biz publication: f4618923ddb3.,f4618923ddb3.epub
GGB: F53821C8Cecc,A Gullah Geechee Biz publication: f53821c8cecc.,f53821c8cecc.epub
GGB: F53A58854733,A Gullah Geechee Biz publication: f53a58854733.,f53a58854733.epub
GGB: F6713083Eb08,A Gullah Geechee Biz publication: f6713083eb08.,f6713083eb08.epub
GGB: F7F895261646,A Gullah Geechee Biz publication: f7f895261646.,f7f895261646.epub
GGB: F83Ffd87Acf7,A Gullah Geechee Biz publication: f83ffd87acf7.,f83ffd87acf7.epub
GGB: Fb6D70Eed2A0,A Gullah Geechee Biz publication: fb6d70eed2a0.,fb6d70eed2a0.epub
GGB: Fc09Bf793674,A Gullah Geechee Biz publication: fc09bf793674.,fc09bf793674.epub
GGB: Fda3C9090Bda,A Gullah Geechee Biz publication: fda3c9090bda.,fda3c9090bda.epub
GGB: Fe83F3082Fc6,A Gullah Geechee Biz publication: fe83f3082fc6.,fe83f3082fc6.epub
GGB: Feb6C9979599,A Gullah Geechee Biz publication: feb6c9979599.,feb6c9979599.epub
GGB: Ff853Ced2A51,A Gullah Geechee Biz publication: ff853ced2a51.,ff853ced2a51.epub
GGB: For Business,A Gullah Geechee Biz publication: for business.,for-business.epub
GGB: From Scratch,A Gullah Geechee Biz publication: from scratch.,from-scratch.epub
GGB: Gullah Meals,A Gullah Geechee Biz publication: gullah meals.,gullah-meals.epub
GGB: H Pork Chops,A Gullah Geechee Biz publication: h pork chops.,h-pork-chops.epub
GGB: H Vegetables,A Gullah Geechee Biz publication: h vegetables.,h-vegetables.epub
GGB: He Right Way,A Gullah Geechee Biz publication: he right way.,he-right-way.epub
GGB: He Southern ,A Gullah Geechee Biz publication: he southern .,he-southern-.epub
GGB: Ia Marketing,A Gullah Geechee Biz publication: ia marketing.,ia-marketing.epub
GGB: Ial Literacy,A Gullah Geechee Biz publication: ial literacy.,ial-literacy.epub
GGB: Ide To Unity,A Gullah Geechee Biz publication: ide to unity.,ide-to-unity.epub
GGB: Il Marketing,A Gullah Geechee Biz publication: il marketing.,il-marketing.epub
GGB: Iled Peanuts,A Gullah Geechee Biz publication: iled peanuts.,iled-peanuts.epub
GGB: Intelligence,A Gullah Geechee Biz publication: intelligence.,intelligence.epub
GGB: Ion Business,A Gullah Geechee Biz publication: ion business.,ion-business.epub
GGB: Iron Cooking,A Gullah Geechee Biz publication: iron cooking.,iron-cooking.epub
GGB: Ity Commerce,A Gullah Geechee Biz publication: ity commerce.,ity-commerce.epub
GGB: Job Creation,A Gullah Geechee Biz publication: job creation.,job-creation.epub
GGB: K Like A Pro,A Gullah Geechee Biz publication: k like a pro.,k-like-a-pro.epub
GGB: Lah Desserts,A Gullah Geechee Biz publication: lah desserts.,lah-desserts.epub
GGB: Lah Red Rice,A Gullah Geechee Biz publication: lah red rice.,lah-red-rice.epub
GGB: Lance Career,A Gullah Geechee Biz publication: lance career.,lance-career.epub
GGB: Ld Abundance,A Gullah Geechee Biz publication: ld abundance.,ld-abundance.epub
GGB: Ld Surrender,A Gullah Geechee Biz publication: ld surrender.,ld-surrender.epub
GGB: Lic Speaking,A Gullah Geechee Biz publication: lic speaking.,lic-speaking.epub
GGB: Lk Cornbread,A Gullah Geechee Biz publication: lk cornbread.,lk-cornbread.epub
GGB: Llah Cabbage,A Gullah Geechee Biz publication: llah cabbage.,llah-cabbage.epub
GGB: Llah Seafood,A Gullah Geechee Biz publication: llah seafood.,llah-seafood.epub
GGB: Ly Gratitude,A Gullah Geechee Biz publication: ly gratitude.,ly-gratitude.epub
GGB: M Gracefully,A Gullah Geechee Biz publication: m gracefully.,m-gracefully.epub
GGB: Mp And Grits,A Gullah Geechee Biz publication: mp and grits.,mp-and-grits.epub
GGB: Ndful Living,A Gullah Geechee Biz publication: ndful living.,ndful-living.epub
GGB: Ne Pot Meals,A Gullah Geechee Biz publication: ne pot meals.,ne-pot-meals.epub
GGB: Ning Routine,A Gullah Geechee Biz publication: ning routine.,ning-routine.epub
GGB: Nline Course,A Gullah Geechee Biz publication: nline course.,nline-course.epub
GGB: O Build Zeal,A Gullah Geechee Biz publication: o build zeal.,o-build-zeal.epub
GGB: O Discipline,A Gullah Geechee Biz publication: o discipline.,o-discipline.epub
GGB: Oduct Empire,A Gullah Geechee Biz publication: oduct empire.,oduct-empire.epub
GGB: Omer Loyalty,A Gullah Geechee Biz publication: omer loyalty.,omer-loyalty.epub
GGB: Or New Years,A Gullah Geechee Biz publication: or new years.,or-new-years.epub
GGB: Our Business,A Gullah Geechee Biz publication: our business.,our-business.epub
GGB: Owth Mindset,A Gullah Geechee Biz publication: owth mindset.,owth-mindset.epub
GGB: Partnerships,A Gullah Geechee Biz publication: partnerships.,partnerships.epub
GGB: Perfect Fish,A Gullah Geechee Biz publication: perfect fish.,perfect-fish.epub
GGB: Ple Pleasing,A Gullah Geechee Biz publication: ple pleasing.,ple-pleasing.epub
GGB: Potato Salad,A Gullah Geechee Biz publication: potato salad.,potato-salad.epub
GGB: Ps And Stews,A Gullah Geechee Biz publication: ps and stews.,ps-and-stews.epub
GGB: R Of Failure,A Gullah Geechee Biz publication: r of failure.,r-of-failure.epub
GGB: R Vegetables,A Gullah Geechee Biz publication: r vegetables.,r-vegetables.epub
GGB: Rice Pudding,A Gullah Geechee Biz publication: rice pudding.,rice-pudding.epub
GGB: Roenterprise,A Gullah Geechee Biz publication: roenterprise.,roenterprise.epub
GGB: Rral Program,A Gullah Geechee Biz publication: rral program.,rral-program.epub
GGB: Rsonal Brand,A Gullah Geechee Biz publication: rsonal brand.,rsonal-brand.epub
GGB: S That Stick,A Gullah Geechee Biz publication: s that stick.,s-that-stick.epub
GGB: Sales Funnel,A Gullah Geechee Biz publication: sales funnel.,sales-funnel.epub
GGB: Sion Stateme,A Gullah Geechee Biz publication: sion stateme.,sion-stateme.epub
GGB: Storytelling,A Gullah Geechee Biz publication: storytelling.,storytelling.epub
GGB: T Potato Pie,A Gullah Geechee Biz publication: t potato pie.,t-potato-pie.epub
GGB: Tartup Guide,A Gullah Geechee Biz publication: tartup guide.,tartup-guide.epub
GGB: Ter Syndrome,A Gullah Geechee Biz publication: ter syndrome.,ter-syndrome.epub
GGB: Th Intention,A Gullah Geechee Biz publication: th intention.,th-intention.epub
GGB: Thentic Self,A Gullah Geechee Biz publication: thentic self.,thentic-self.epub
GGB: To Build Joy,A Gullah Geechee Biz publication: to build joy.,to-build-joy.epub
GGB: Ty Naturally,A Gullah Geechee Biz publication: ty naturally.,ty-naturally.epub
GGB: Uild Balance,A Gullah Geechee Biz publication: uild balance.,uild-balance.epub
GGB: Ullah Breads,A Gullah Geechee Biz publication: ullah breads.,ullah-breads.epub
GGB: Ullah Feasts,A Gullah Geechee Biz publication: ullah feasts.,ullah-feasts.epub
GGB: Ulnerability,A Gullah Geechee Biz publication: ulnerability.,ulnerability.epub
GGB: Und Your Bra,A Gullah Geechee Biz publication: und your bra.,und-your-bra.epub
GGB: Usiness Plan,A Gullah Geechee Biz publication: usiness plan.,usiness-plan.epub
GGB: Wcountry Ing,A Gullah Geechee Biz publication: wcountry ing.,wcountry-ing.epub
GGB: Xit Strategy,A Gullah Geechee Biz publication: xit strategy.,xit-strategy.epub
GGB: Y Discipline,A Gullah Geechee Biz publication: y discipline.,y-discipline.epub
GGB: Y That Sells,A Gullah Geechee Biz publication: y that sells.,y-that-sells.epub
GGB: Your Purpose,A Gullah Geechee Biz publication: your purpose.,your-purpose.epub
