Title,Author,Description,ISBN,Categories,Price,File Name
How to Build a Community Around Your Brand,Darryl Elliott Brown,How to Build a Community Around Your Brand — A Gullah Geechee Biz publication.,,"BUS000000,SEL000000,SOC002010",3.99,00089852.epub
How to Embrace Your Authentic Self,Darryl Elliott Brown,How to Embrace Your Authentic Self — A Gullah Geechee Biz publication.,,"BUS000000,SEL000000,SOC002010",3.99,0012d08f.epub
How to Find Inner Peace,Darryl Elliott Brown,How to Find Inner Peace — A Gullah Geechee Biz publication.,,"BUS000000,SEL000000,SOC002010",3.99,00c5937b.epub
How to Write a Winning Grant Proposal,Darryl Elliott Brown,How to Write a Winning Grant Proposal — A Gullah Geechee Biz publication.,,"BUS000000,SEL000000,SOC002010",3.99,01579bd5.epub
Encyclopedia Volume 03,Darryl Elliott Brown,Encyclopedia Volume 03 — A Gullah Geechee Biz publication.,,"REF000000,SOC002010,HIS036120",9.99,0159a5a0.epub
KDP Draft — How to Bake Sweet Potato Pie,Darryl Elliott Brown,KDP Draft — How to Bake Sweet Potato Pie — A Gullah Geechee Biz publication.,,"BUS000000,SEL000000,SOC002010",3.99,01ac530c.epub
How to Make Authentic Shrimp and Grits,Darryl Elliott Brown,How to Make Authentic Shrimp and Grits — A Gullah Geechee Biz publication.,,"BUS000000,SEL000000,SOC002010",3.99,01cb71b6.epub
KDP Draft — How to Start a Side Hustle,Darryl Elliott Brown,KDP Draft — How to Start a Side Hustle — A Gullah Geechee Biz publication.,,"BUS000000,SEL000000,SOC002010",3.99,0243d0e8.epub
KDP Draft — How to Build a Freelance Career,Darryl Elliott Brown,KDP Draft — How to Build a Freelance Career — A Gullah Geechee Biz publication.,,"BUS000000,SEL000000,SOC002010",3.99,029d6d6c.epub
KDP Draft — How to Find Inner Peace,Darryl Elliott Brown,KDP Draft — How to Find Inner Peace — A Gullah Geechee Biz publication.,,"BUS000000,SEL000000,SOC002010",3.99,02a4a240.epub
How to Network Like a Pro,Darryl Elliott Brown,How to Network Like a Pro — A Gullah Geechee Biz publication.,,"BUS000000,SEL000000,SOC002010",3.99,02a636c0.epub
The Gullah Geechee Guide to Harmony,Darryl Elliott Brown,The Gullah Geechee Guide to Harmony — A Gullah Geechee Biz publication.,,"BUS000000,SEL000000,SOC002010",3.99,030d7d2e.epub
How to Price Your Products or Services,Darryl Elliott Brown,How to Price Your Products or Services — A Gullah Geechee Biz publication.,,"BUS000000,SEL000000,SOC002010",3.99,031a4054.epub
How to Practice Mindful Living,Darryl Elliott Brown,How to Practice Mindful Living — A Gullah Geechee Biz publication.,,"BUS000000,SEL000000,SOC002010",3.99,03420fed.epub
How to Make Sweetgrass Lemonade,Darryl Elliott Brown,How to Make Sweetgrass Lemonade — A Gullah Geechee Biz publication.,,"BUS000000,SEL000000,SOC002010",3.99,03c5ba0f.epub
KDP Draft — How to Live with Intention,Darryl Elliott Brown,KDP Draft — How to Live with Intention — A Gullah Geechee Biz publication.,,"BUS000000,SEL000000,SOC002010",3.99,045761e7.epub
KDP Draft — How to Start a Side Hustle,Darryl Elliott Brown,KDP Draft — How to Start a Side Hustle — A Gullah Geechee Biz publication.,,"BUS000000,SEL000000,SOC002010",3.99,04adeb74.epub
Encyclopedia Volume 07,Darryl Elliott Brown,Encyclopedia Volume 07 — A Gullah Geechee Biz publication.,,"REF000000,SOC002010,HIS036120",9.99,04be6dd6.epub
KDP Draft — How to Write a Winning Grant Proposal,Darryl Elliott Brown,KDP Draft — How to Write a Winning Grant Proposal — A Gullah Geechee Biz publication.,,"BUS000000,SEL000000,SOC002010",3.99,04eeabdf.epub
How to Make Southern Cornbread from Scratch,Darryl Elliott Brown,How to Make Southern Cornbread from Scratch — A Gullah Geechee Biz publication.,,"BUS000000,SEL000000,SOC002010",3.99,0542581d.epub
KDP Draft — How to Create a Content Strategy,Darryl Elliott Brown,KDP Draft — How to Create a Content Strategy — A Gullah Geechee Biz publication.,,"BUS000000,SEL000000,SOC002010",3.99,057c5fc4.epub
KDP Draft — How to Make Holiday Gullah Feasts,Darryl Elliott Brown,KDP Draft — How to Make Holiday Gullah Feasts — A Gullah Geechee Biz publication.,,"BUS000000,SEL000000,SOC002010",3.99,062ab5fa.epub
How to Build Imagination,Darryl Elliott Brown,How to Build Imagination — A Gullah Geechee Biz publication.,,"BUS000000,SEL000000,SOC002010",3.99,065dbf8f.epub
KDP Draft — How to Make Gullah Tea Cakes,Darryl Elliott Brown,KDP Draft — How to Make Gullah Tea Cakes — A Gullah Geechee Biz publication.,,"BUS000000,SEL000000,SOC002010",3.99,06db9d7a.epub
KDP Draft — How to Make Southern Cornbread from Scratch,Darryl Elliott Brown,KDP Draft — How to Make Southern Cornbread from Scratch — A Gullah Geechee Biz publication.,,"BUS000000,SEL000000,SOC002010",3.99,06e58ad5.epub
KDP Draft — Gullah Geechee Camp Cooking,Darryl Elliott Brown,KDP Draft — Gullah Geechee Camp Cooking — A Gullah Geechee Biz publication.,,"CKB000000,SOC002010,HIS036120",3.99,06ef66c0.epub
How to Make Southern Cornbread from Scratch,Darryl Elliott Brown,How to Make Southern Cornbread from Scratch — A Gullah Geechee Biz publication.,,"BUS000000,SEL000000,SOC002010",3.99,072ca569.epub
KDP Draft — How to Fry the Perfect Fish,Darryl Elliott Brown,KDP Draft — How to Fry the Perfect Fish — A Gullah Geechee Biz publication.,,"BUS000000,SEL000000,SOC002010",3.99,073749ee.epub
Encyclopedia Volume 39,Darryl Elliott Brown,Encyclopedia Volume 39 — A Gullah Geechee Biz publication.,,"REF000000,SOC002010,HIS036120",9.99,07413312.epub
KDP Draft — How to Embrace Your Authentic Self,Darryl Elliott Brown,KDP Draft — How to Embrace Your Authentic Self — A Gullah Geechee Biz publication.,,"BUS000000,SEL000000,SOC002010",3.99,078e666a.epub
How to Build Faith,Darryl Elliott Brown,How to Build Faith — A Gullah Geechee Biz publication.,,"BUS000000,SEL000000,SOC002010",3.99,07f80fc2.epub
KDP Draft — How to Manage Business Finances,Darryl Elliott Brown,KDP Draft — How to Manage Business Finances — A Gullah Geechee Biz publication.,,"BUS000000,SEL000000,SOC002010",3.99,085d3f1c.epub
KDP Draft — How to Make Pickled Shrimp,Darryl Elliott Brown,KDP Draft — How to Make Pickled Shrimp — A Gullah Geechee Biz publication.,,"BUS000000,SEL000000,SOC002010",3.99,088a28f1.epub
How to Prepare Gullah Side Dishes,Darryl Elliott Brown,How to Prepare Gullah Side Dishes — A Gullah Geechee Biz publication.,,"BUS000000,SEL000000,SOC002010",3.99,088cffa2.epub
How to Make Holiday Gullah Feasts,Darryl Elliott Brown,How to Make Holiday Gullah Feasts — A Gullah Geechee Biz publication.,,"BUS000000,SEL000000,SOC002010",3.99,08e430dc.epub
KDP Draft — How to Bake Buttermilk Cornbread,Darryl Elliott Brown,KDP Draft — How to Bake Buttermilk Cornbread — A Gullah Geechee Biz publication.,,"BUS000000,SEL000000,SOC002010",3.99,092f0a59.epub
KDP Draft — How to Bake Sweet Potato Pie,Darryl Elliott Brown,KDP Draft — How to Bake Sweet Potato Pie — A Gullah Geechee Biz publication.,,"BUS000000,SEL000000,SOC002010",3.99,09bbac70.epub
KDP Draft — How to Build a Website on a Budget,Darryl Elliott Brown,KDP Draft — How to Build a Website on a Budget — A Gullah Geechee Biz publication.,,"BUS000000,SEL000000,SOC002010",3.99,09dd94f2.epub
How to Build Vulnerability,Darryl Elliott Brown,How to Build Vulnerability — A Gullah Geechee Biz publication.,,"BUS000000,SEL000000,SOC002010",3.99,09e531cc.epub
How to Build Connection,Darryl Elliott Brown,How to Build Connection — A Gullah Geechee Biz publication.,,"BUS000000,SEL000000,SOC002010",3.99,0a48ee4d.epub
KDP Draft — How to Manage Your Time Effectively,Darryl Elliott Brown,KDP Draft — How to Manage Your Time Effectively — A Gullah Geechee Biz publication.,,"BUS000000,SEL000000,SOC002010",3.99,0ac0b155.epub
How to Create a Brand Style Guide,Darryl Elliott Brown,How to Create a Brand Style Guide — A Gullah Geechee Biz publication.,,"BUS000000,SEL000000,SOC002010",3.99,0ae2f246.epub
Encyclopedia Volume 42,Darryl Elliott Brown,Encyclopedia Volume 42 — A Gullah Geechee Biz publication.,,"REF000000,SOC002010,HIS036120",9.99,0ba5d46a.epub
How to Manage Business Finances,Darryl Elliott Brown,How to Manage Business Finances — A Gullah Geechee Biz publication.,,"BUS000000,SEL000000,SOC002010",3.99,0bacf9af.epub
KDP Draft — How to Create a Brand Style Guide,Darryl Elliott Brown,KDP Draft — How to Create a Brand Style Guide — A Gullah Geechee Biz publication.,,"BUS000000,SEL000000,SOC002010",3.99,0c1545cb.epub
How to Make One-Pot Gullah Meals,Darryl Elliott Brown,How to Make One-Pot Gullah Meals — A Gullah Geechee Biz publication.,,"BUS000000,SEL000000,SOC002010",3.99,0ca3177d.epub
How to Develop Daily Discipline,Darryl Elliott Brown,How to Develop Daily Discipline — A Gullah Geechee Biz publication.,,"BUS000000,SEL000000,SOC002010",3.99,0d2c94c2.epub
KDP Draft — How to Create a Referral Program,Darryl Elliott Brown,KDP Draft — How to Create a Referral Program — A Gullah Geechee Biz publication.,,"BUS000000,SEL000000,SOC002010",3.99,0d4e2165.epub
KDP Draft — How to Build a Subscription Business,Darryl Elliott Brown,KDP Draft — How to Build a Subscription Business — A Gullah Geechee Biz publication.,,"BUS000000,SEL000000,SOC002010",3.99,0d5357e7.epub
How to Master LinkedIn for Business,Darryl Elliott Brown,How to Master LinkedIn for Business — A Gullah Geechee Biz publication.,,"BUS000000,SEL000000,SOC002010",3.99,0e188f73.epub
KDP Draft — How to Make Gullah Sauces and Seasonings,Darryl Elliott Brown,KDP Draft — How to Make Gullah Sauces and Seasonings — A Gullah Geechee Biz publication.,,"BUS000000,SEL000000,SOC002010",3.99,0e743b09.epub
How to Create a Product Launch Plan,Darryl Elliott Brown,How to Create a Product Launch Plan — A Gullah Geechee Biz publication.,,"BUS000000,SEL000000,SOC002010",3.99,0ea4da1d.epub
The Gullah Geechee Guide to Determination,Darryl Elliott Brown,The Gullah Geechee Guide to Determination — A Gullah Geechee Biz publication.,,"BUS000000,SEL000000,SOC002010",3.99,0edd1ed5.epub
KDP Draft — How to Handle Criticism Gracefully,Darryl Elliott Brown,KDP Draft — How to Handle Criticism Gracefully — A Gullah Geechee Biz publication.,,"BUS000000,SEL000000,SOC002010",3.99,0efd6abf.epub
How to Create a Brand Style Guide,Darryl Elliott Brown,How to Create a Brand Style Guide — A Gullah Geechee Biz publication.,,"BUS000000,SEL000000,SOC002010",3.99,0f5d5ad4.epub
How to Cook Benne Chicken,Darryl Elliott Brown,How to Cook Benne Chicken — A Gullah Geechee Biz publication.,,"CKB000000,SOC002010,HIS036120",3.99,102fc1a6.epub
How to Network Like a Pro,Darryl Elliott Brown,How to Network Like a Pro — A Gullah Geechee Biz publication.,,"BUS000000,SEL000000,SOC002010",3.99,10652664.epub
How to Start a Side Hustle,Darryl Elliott Brown,How to Start a Side Hustle — A Gullah Geechee Biz publication.,,"BUS000000,SEL000000,SOC002010",3.99,10accbe7.epub
Encyclopedia Volume 33,Darryl Elliott Brown,Encyclopedia Volume 33 — A Gullah Geechee Biz publication.,,"REF000000,SOC002010,HIS036120",9.99,112bf125.epub
How to Master Business Storytelling,Darryl Elliott Brown,How to Master Business Storytelling — A Gullah Geechee Biz publication.,,"BUS000000,SEL000000,SOC002010",3.99,1144be80.epub
KDP Draft — How to Cook Lowcountry Boil,Darryl Elliott Brown,KDP Draft — How to Cook Lowcountry Boil — A Gullah Geechee Biz publication.,,"CKB000000,SOC002010,HIS036120",3.99,12a1ef0b.epub
How to Build Unshakeable Confidence,Darryl Elliott Brown,How to Build Unshakeable Confidence — A Gullah Geechee Biz publication.,,"BUS000000,SEL000000,SOC002010",3.99,12b86d04.epub
How to Make Gullah Soups and Stews,Darryl Elliott Brown,How to Make Gullah Soups and Stews — A Gullah Geechee Biz publication.,,"BUS000000,SEL000000,SOC002010",3.99,12bb996b.epub
How to Use AI in Your Business,Darryl Elliott Brown,How to Use AI in Your Business — A Gullah Geechee Biz publication.,,"BUS000000,SEL000000,SOC002010",3.99,12e3df7a.epub
KDP Draft — How to Create a Business Plan,Darryl Elliott Brown,KDP Draft — How to Create a Business Plan — A Gullah Geechee Biz publication.,,"BUS000000,SEL000000,SOC002010",3.99,12fca62a.epub
How to Manage Your Time Effectively,Darryl Elliott Brown,How to Manage Your Time Effectively — A Gullah Geechee Biz publication.,,"BUS000000,SEL000000,SOC002010",3.99,1372aa1a.epub
How to Practice Radical Self-Care,Darryl Elliott Brown,How to Practice Radical Self-Care — A Gullah Geechee Biz publication.,,"BUS000000,SEL000000,SOC002010",3.99,13986b83.epub
How to Create a Business Plan,Darryl Elliott Brown,How to Create a Business Plan — A Gullah Geechee Biz publication.,,"BUS000000,SEL000000,SOC002010",3.99,13c5d055.epub
Sweetgrass Basket,Darryl Elliott Brown,Sweetgrass Basket — A Gullah Geechee Biz publication.,,"BUS000000,SEL000000,SOC002010",3.99,14359159.epub
How to Build Vulnerability,Darryl Elliott Brown,How to Build Vulnerability — A Gullah Geechee Biz publication.,,"BUS000000,SEL000000,SOC002010",3.99,155562e4.epub
How to Let Go of Perfectionism,Darryl Elliott Brown,How to Let Go of Perfectionism — A Gullah Geechee Biz publication.,,"BUS000000,SEL000000,SOC002010",3.99,15a13943.epub
KDP Draft — How to Develop Daily Discipline,Darryl Elliott Brown,KDP Draft — How to Develop Daily Discipline — A Gullah Geechee Biz publication.,,"BUS000000,SEL000000,SOC002010",3.99,15dffeed.epub
How to Bake Gullah Desserts,Darryl Elliott Brown,How to Bake Gullah Desserts — A Gullah Geechee Biz publication.,,"BUS000000,SEL000000,SOC002010",3.99,15f9c7d8.epub
How to Create a Marketing Funnel,Darryl Elliott Brown,How to Create a Marketing Funnel — A Gullah Geechee Biz publication.,,"BUS000000,SEL000000,SOC002010",3.99,1609f371.epub
KDP Draft — Gullah Geechee Business Planning,Darryl Elliott Brown,KDP Draft — Gullah Geechee Business Planning — A Gullah Geechee Biz publication.,,"BUS000000,SEL000000,SOC002010",3.99,164a767c.epub
KDP Draft — How to Create a Vision Board That Works,Darryl Elliott Brown,KDP Draft — How to Create a Vision Board That Works — A Gullah Geechee Biz publication.,,"BUS000000,SEL000000,SOC002010",3.99,165c3eb0.epub
KDP Draft — How to Price Your Products or Services,Darryl Elliott Brown,KDP Draft — How to Price Your Products or Services — A Gullah Geechee Biz publication.,,"BUS000000,SEL000000,SOC002010",3.99,167e6225.epub
How to Prepare Okra and Tomatoes,Darryl Elliott Brown,How to Prepare Okra and Tomatoes — A Gullah Geechee Biz publication.,,"BUS000000,SEL000000,SOC002010",3.99,168e6767.epub
The Gullah Geechee Guide to Unity,Darryl Elliott Brown,The Gullah Geechee Guide to Unity — A Gullah Geechee Biz publication.,,"BUS000000,SEL000000,SOC002010",3.99,16fb7686.epub
KDP Draft — How to Bake Gullah Desserts,Darryl Elliott Brown,KDP Draft — How to Bake Gullah Desserts — A Gullah Geechee Biz publication.,,"BUS000000,SEL000000,SOC002010",3.99,176081e8.epub
KDP Draft — How to Make Gullah Tea Cakes,Darryl Elliott Brown,KDP Draft — How to Make Gullah Tea Cakes — A Gullah Geechee Biz publication.,,"BUS000000,SEL000000,SOC002010",3.99,181127fd.epub
KDP Draft — How to Scale Your Small Business,Darryl Elliott Brown,KDP Draft — How to Scale Your Small Business — A Gullah Geechee Biz publication.,,"BUS000000,SEL000000,SOC002010",3.99,1827c8f4.epub
KDP Draft — How to Build Customer Loyalty,Darryl Elliott Brown,KDP Draft — How to Build Customer Loyalty — A Gullah Geechee Biz publication.,,"BUS000000,SEL000000,SOC002010",3.99,1837cdf7.epub
How to Find Your Purpose,Darryl Elliott Brown,How to Find Your Purpose — A Gullah Geechee Biz publication.,,"BUS000000,SEL000000,SOC002010",3.99,18b36036.epub
KDP Draft — How to Master Cast Iron Cooking,Darryl Elliott Brown,KDP Draft — How to Master Cast Iron Cooking — A Gullah Geechee Biz publication.,,"CKB000000,SOC002010,HIS036120",3.99,19478100.epub
KDP Draft — How to Make Authentic Shrimp and Grits,Darryl Elliott Brown,KDP Draft — How to Make Authentic Shrimp and Grits — A Gullah Geechee Biz publication.,,"BUS000000,SEL000000,SOC002010",3.99,1956ff87.epub
How to Handle Criticism Gracefully,Darryl Elliott Brown,How to Handle Criticism Gracefully — A Gullah Geechee Biz publication.,,"BUS000000,SEL000000,SOC002010",3.99,195b9fe9.epub
How to Forgive Yourself and Move On,Darryl Elliott Brown,How to Forgive Yourself and Move On — A Gullah Geechee Biz publication.,,"BUS000000,SEL000000,SOC002010",3.99,196e287c.epub
Encyclopedia Volume 46,Darryl Elliott Brown,Encyclopedia Volume 46 — A Gullah Geechee Biz publication.,,"REF000000,SOC002010,HIS036120",9.99,196fba78.epub
How to Develop a Growth Mindset,Darryl Elliott Brown,How to Develop a Growth Mindset — A Gullah Geechee Biz publication.,,"BUS000000,SEL000000,SOC002010",3.99,19c141a9.epub
Encyclopedia Volume 11,Darryl Elliott Brown,Encyclopedia Volume 11 — A Gullah Geechee Biz publication.,,"REF000000,SOC002010,HIS036120",9.99,19fe0ca7.epub
How to Make Rice Pudding,Darryl Elliott Brown,How to Make Rice Pudding — A Gullah Geechee Biz publication.,,"BUS000000,SEL000000,SOC002010",3.99,1a2b57fb.epub
KDP Draft — How to Cook Collard Greens the Right Way,Darryl Elliott Brown,KDP Draft — How to Cook Collard Greens the Right Way — A Gullah Geechee Biz publication.,,"CKB000000,SOC002010,HIS036120",3.99,1ac2ac9e.epub
KDP Draft — The Gullah Geechee Guide to Yearning,Darryl Elliott Brown,KDP Draft — The Gullah Geechee Guide to Yearning — A Gullah Geechee Biz publication.,,"BUS000000,SEL000000,SOC002010",3.99,1aef4faf.epub
KDP Draft — How to Cook Lowcountry Boil,Darryl Elliott Brown,KDP Draft — How to Cook Lowcountry Boil — A Gullah Geechee Biz publication.,,"CKB000000,SOC002010,HIS036120",3.99,1bd669cd.epub
Gullah Geechee Appetizers,Darryl Elliott Brown,Gullah Geechee Appetizers — A Gullah Geechee Biz publication.,,"BUS000000,SEL000000,SOC002010",3.99,1c0d10ac.epub
KDP Draft — How to Create a Product Launch Plan,Darryl Elliott Brown,KDP Draft — How to Create a Product Launch Plan — A Gullah Geechee Biz publication.,,"BUS000000,SEL000000,SOC002010",3.99,1c2cd71c.epub
KDP Draft — How to Build Unshakeable Confidence,Darryl Elliott Brown,KDP Draft — How to Build Unshakeable Confidence — A Gullah Geechee Biz publication.,,"BUS000000,SEL000000,SOC002010",3.99,1ce8d88d.epub
KDP Draft — How to Create a Personal Mission Statement,Darryl Elliott Brown,KDP Draft — How to Create a Personal Mission Statement — A Gullah Geechee Biz publication.,,"BUS000000,SEL000000,SOC002010",3.99,1cf8a8d3.epub
How to Cultivate Patience,Darryl Elliott Brown,How to Cultivate Patience — A Gullah Geechee Biz publication.,,"BUS000000,SEL000000,SOC002010",3.99,1d134a21.epub
Encyclopedia Volume 22,Darryl Elliott Brown,Encyclopedia Volume 22 — A Gullah Geechee Biz publication.,,"REF000000,SOC002010,HIS036120",9.99,1d2dbb4f.epub
KDP Draft — How to Set Boundaries That Stick,Darryl Elliott Brown,KDP Draft — How to Set Boundaries That Stick — A Gullah Geechee Biz publication.,,"BUS000000,SEL000000,SOC002010",3.99,1d7f7779.epub
How to Bake Sweet Potato Pie,Darryl Elliott Brown,How to Bake Sweet Potato Pie — A Gullah Geechee Biz publication.,,"BUS000000,SEL000000,SOC002010",3.99,1e523103.epub
How to Practice Mindful Living,Darryl Elliott Brown,How to Practice Mindful Living — A Gullah Geechee Biz publication.,,"BUS000000,SEL000000,SOC002010",3.99,1eaed27c.epub
How to Cook Gullah Pork Chops,Darryl Elliott Brown,How to Cook Gullah Pork Chops — A Gullah Geechee Biz publication.,,"CKB000000,SOC002010,HIS036120",3.99,1ee50412.epub
How to Stay Motivated Every Day,Darryl Elliott Brown,How to Stay Motivated Every Day — A Gullah Geechee Biz publication.,,"BUS000000,SEL000000,SOC002010",3.99,1f00aa59.epub
How to Use AI in Your Business,Darryl Elliott Brown,How to Use AI in Your Business — A Gullah Geechee Biz publication.,,"BUS000000,SEL000000,SOC002010",3.99,1fb870d0.epub
How to Break Bad Habits Forever,Darryl Elliott Brown,How to Break Bad Habits Forever — A Gullah Geechee Biz publication.,,"BUS000000,SEL000000,SOC002010",3.99,2017d0c3.epub
Gullah Geechee Appetizers,Darryl Elliott Brown,Gullah Geechee Appetizers — A Gullah Geechee Biz publication.,,"BUS000000,SEL000000,SOC002010",3.99,201c5481.epub
How to Make Gullah Breads,Darryl Elliott Brown,How to Make Gullah Breads — A Gullah Geechee Biz publication.,,"BUS000000,SEL000000,SOC002010",3.99,203b5644.epub
Encyclopedia Volume 16,Darryl Elliott Brown,Encyclopedia Volume 16 — A Gullah Geechee Biz publication.,,"REF000000,SOC002010,HIS036120",9.99,206069c2.epub
KDP Draft — How to Master Cast Iron Cooking,Darryl Elliott Brown,KDP Draft — How to Master Cast Iron Cooking — A Gullah Geechee Biz publication.,,"CKB000000,SOC002010,HIS036120",3.99,20ac2126.epub
How to Forgive Yourself and Move On,Darryl Elliott Brown,How to Forgive Yourself and Move On — A Gullah Geechee Biz publication.,,"BUS000000,SEL000000,SOC002010",3.99,21151eae.epub
KDP Draft — How to Create a Customer Journey Map,Darryl Elliott Brown,KDP Draft — How to Create a Customer Journey Map — A Gullah Geechee Biz publication.,,"BUS000000,SEL000000,SOC002010",3.99,2149a83d.epub
How to Develop a Growth Mindset,Darryl Elliott Brown,How to Develop a Growth Mindset — A Gullah Geechee Biz publication.,,"BUS000000,SEL000000,SOC002010",3.99,21617688.epub
How to Build a Personal Brand,Darryl Elliott Brown,How to Build a Personal Brand — A Gullah Geechee Biz publication.,,"BUS000000,SEL000000,SOC002010",3.99,21671d79.epub
KDP Draft — How to Live with Intention,Darryl Elliott Brown,KDP Draft — How to Live with Intention — A Gullah Geechee Biz publication.,,"BUS000000,SEL000000,SOC002010",3.99,21dc072c.epub
Encyclopedia Volume 24,Darryl Elliott Brown,Encyclopedia Volume 24 — A Gullah Geechee Biz publication.,,"REF000000,SOC002010,HIS036120",9.99,220f16ad.epub
KDP Draft — How to Cook Benne Chicken,Darryl Elliott Brown,KDP Draft — How to Cook Benne Chicken — A Gullah Geechee Biz publication.,,"CKB000000,SOC002010,HIS036120",3.99,2281de67.epub
How to Create a Customer Journey Map,Darryl Elliott Brown,How to Create a Customer Journey Map — A Gullah Geechee Biz publication.,,"BUS000000,SEL000000,SOC002010",3.99,22b4aebe.epub
How to Build Strategic Partnerships,Darryl Elliott Brown,How to Build Strategic Partnerships — A Gullah Geechee Biz publication.,,"BUS000000,SEL000000,SOC002010",3.99,22c99f58.epub
Encyclopedia Volume 17,Darryl Elliott Brown,Encyclopedia Volume 17 — A Gullah Geechee Biz publication.,,"REF000000,SOC002010,HIS036120",9.99,23516ae5.epub
KDP Draft — How to Let Go of Perfectionism,Darryl Elliott Brown,KDP Draft — How to Let Go of Perfectionism — A Gullah Geechee Biz publication.,,"BUS000000,SEL000000,SOC002010",3.99,2369a9d9.epub
KDP Draft — How to Master Public Speaking,Darryl Elliott Brown,KDP Draft — How to Master Public Speaking — A Gullah Geechee Biz publication.,,"BUS000000,SEL000000,SOC002010",3.99,23a2bd12.epub
How to Build Strategic Partnerships,Darryl Elliott Brown,How to Build Strategic Partnerships — A Gullah Geechee Biz publication.,,"BUS000000,SEL000000,SOC002010",3.99,241e4033.epub
KDP Draft — How to Cook Lowcountry Boil,Darryl Elliott Brown,KDP Draft — How to Cook Lowcountry Boil — A Gullah Geechee Biz publication.,,"CKB000000,SOC002010,HIS036120",3.99,2420bfa1.epub
How to Build Simplicity,Darryl Elliott Brown,How to Build Simplicity — A Gullah Geechee Biz publication.,,"BUS000000,SEL000000,SOC002010",3.99,247f7e4e.epub
KDP Draft — How to Set Boundaries That Stick,Darryl Elliott Brown,KDP Draft — How to Set Boundaries That Stick — A Gullah Geechee Biz publication.,,"BUS000000,SEL000000,SOC002010",3.99,24903778.epub
Encyclopedia Volume 19,Darryl Elliott Brown,Encyclopedia Volume 19 — A Gullah Geechee Biz publication.,,"REF000000,SOC002010,HIS036120",9.99,252e9042.epub
KDP Draft — How to Make Pickled Shrimp,Darryl Elliott Brown,KDP Draft — How to Make Pickled Shrimp — A Gullah Geechee Biz publication.,,"BUS000000,SEL000000,SOC002010",3.99,25573c53.epub
KDP Draft — How to Forgive Yourself and Move On,Darryl Elliott Brown,KDP Draft — How to Forgive Yourself and Move On — A Gullah Geechee Biz publication.,,"BUS000000,SEL000000,SOC002010",3.99,255d56cc.epub
Encyclopedia Volume 36,Darryl Elliott Brown,Encyclopedia Volume 36 — A Gullah Geechee Biz publication.,,"REF000000,SOC002010,HIS036120",9.99,255f9663.epub
How to Start a Side Hustle,Darryl Elliott Brown,How to Start a Side Hustle — A Gullah Geechee Biz publication.,,"BUS000000,SEL000000,SOC002010",3.99,2591aada.epub
KDP Draft — How to Stop People-Pleasing,Darryl Elliott Brown,KDP Draft — How to Stop People-Pleasing — A Gullah Geechee Biz publication.,,"BUS000000,SEL000000,SOC002010",3.99,2604b9e9.epub
KDP Draft — How to Build a Digital Product Empire,Darryl Elliott Brown,KDP Draft — How to Build a Digital Product Empire — A Gullah Geechee Biz publication.,,"BUS000000,SEL000000,SOC002010",3.99,26b26c48.epub
How to Build a Website on a Budget,Darryl Elliott Brown,How to Build a Website on a Budget — A Gullah Geechee Biz publication.,,"BUS000000,SEL000000,SOC002010",3.99,2757aea9.epub
Encyclopedia Volume 15,Darryl Elliott Brown,Encyclopedia Volume 15 — A Gullah Geechee Biz publication.,,"REF000000,SOC002010,HIS036120",9.99,27991ea3.epub
KDP Draft — How to Make Benne Wafers,Darryl Elliott Brown,KDP Draft — How to Make Benne Wafers — A Gullah Geechee Biz publication.,,"BUS000000,SEL000000,SOC002010",3.99,27fca9b8.epub
How to Build an Email List from Scratch,Darryl Elliott Brown,How to Build an Email List from Scratch — A Gullah Geechee Biz publication.,,"BUS000000,SEL000000,SOC002010",3.99,288d2570.epub
How to Overcome Fear of Failure,Darryl Elliott Brown,How to Overcome Fear of Failure — A Gullah Geechee Biz publication.,,"BUS000000,SEL000000,SOC002010",3.99,292732ec.epub
Encyclopedia Volume 20,Darryl Elliott Brown,Encyclopedia Volume 20 — A Gullah Geechee Biz publication.,,"REF000000,SOC002010,HIS036120",9.99,2937d179.epub
KDP Draft — Gullah Geechee Condiments,Darryl Elliott Brown,KDP Draft — Gullah Geechee Condiments — A Gullah Geechee Biz publication.,,"BUS000000,SEL000000,SOC002010",3.99,29392b95.epub
How to Practice Self-Compassion,Darryl Elliott Brown,How to Practice Self-Compassion — A Gullah Geechee Biz publication.,,"BUS000000,SEL000000,SOC002010",3.99,2a00fc11.epub
KDP Draft — How to Cook with Seasonal Lowcountry Ingredients,Darryl Elliott Brown,KDP Draft — How to Cook with Seasonal Lowcountry Ingredients — A Gullah Geechee Biz publication.,,"CKB000000,SOC002010,HIS036120",3.99,2a26cb62.epub
How to Create a Product Launch Plan,Darryl Elliott Brown,How to Create a Product Launch Plan — A Gullah Geechee Biz publication.,,"BUS000000,SEL000000,SOC002010",3.99,2a55f3ee.epub
How to Cook Gullah Cabbage,Darryl Elliott Brown,How to Cook Gullah Cabbage — A Gullah Geechee Biz publication.,,"CKB000000,SOC002010,HIS036120",3.99,2a835380.epub
KDP Draft — How to Price Your Products or Services,Darryl Elliott Brown,KDP Draft — How to Price Your Products or Services — A Gullah Geechee Biz publication.,,"BUS000000,SEL000000,SOC002010",3.99,2a8bf0b8.epub
How to Build a Remote Team,Darryl Elliott Brown,How to Build a Remote Team — A Gullah Geechee Biz publication.,,"BUS000000,SEL000000,SOC002010",3.99,2a9cc681.epub
How to Build an Email List from Scratch,Darryl Elliott Brown,How to Build an Email List from Scratch — A Gullah Geechee Biz publication.,,"BUS000000,SEL000000,SOC002010",3.99,2ab82ce8.epub
Sweetgrass Basket,Darryl Elliott Brown,Sweetgrass Basket — A Gullah Geechee Biz publication.,,"BUS000000,SEL000000,SOC002010",3.99,2afec441.epub
KDP Draft — How to Master Cast Iron Cooking,Darryl Elliott Brown,KDP Draft — How to Master Cast Iron Cooking — A Gullah Geechee Biz publication.,,"CKB000000,SOC002010,HIS036120",3.99,2b045972.epub
KDP Draft — How to Develop a Growth Mindset,Darryl Elliott Brown,KDP Draft — How to Develop a Growth Mindset — A Gullah Geechee Biz publication.,,"BUS000000,SEL000000,SOC002010",3.99,2b0ceada.epub
KDP Draft — How to Make Authentic Shrimp and Grits,Darryl Elliott Brown,KDP Draft — How to Make Authentic Shrimp and Grits — A Gullah Geechee Biz publication.,,"BUS000000,SEL000000,SOC002010",3.99,2b9b82c4.epub
How to Build Healthy Relationships,Darryl Elliott Brown,How to Build Healthy Relationships — A Gullah Geechee Biz publication.,,"BUS000000,SEL000000,SOC002010",3.99,2bb8608a.epub
How to Make Gullah Potato Salad,Darryl Elliott Brown,How to Make Gullah Potato Salad — A Gullah Geechee Biz publication.,,"BUS000000,SEL000000,SOC002010",3.99,2bbb48ba.epub
KDP Draft — How to Make Gullah Soups and Stews,Darryl Elliott Brown,KDP Draft — How to Make Gullah Soups and Stews — A Gullah Geechee Biz publication.,,"BUS000000,SEL000000,SOC002010",3.99,2bd1ce1b.epub
How to Build a Digital Product Empire,Darryl Elliott Brown,How to Build a Digital Product Empire — A Gullah Geechee Biz publication.,,"BUS000000,SEL000000,SOC002010",3.99,2c57a1df.epub
How to Create a Content Strategy,Darryl Elliott Brown,How to Create a Content Strategy — A Gullah Geechee Biz publication.,,"BUS000000,SEL000000,SOC002010",3.99,2c8f1980.epub
KDP Draft — How to Create a Marketing Funnel,Darryl Elliott Brown,KDP Draft — How to Create a Marketing Funnel — A Gullah Geechee Biz publication.,,"BUS000000,SEL000000,SOC002010",3.99,2cf12fd0.epub
KDP Draft — How to Manage Business Finances,Darryl Elliott Brown,KDP Draft — How to Manage Business Finances — A Gullah Geechee Biz publication.,,"BUS000000,SEL000000,SOC002010",3.99,2cf86a77.epub
How to Cook Collard Greens the Right Way,Darryl Elliott Brown,How to Cook Collard Greens the Right Way — A Gullah Geechee Biz publication.,,"CKB000000,SOC002010,HIS036120",3.99,2d115758.epub
How to Find Inner Peace,Darryl Elliott Brown,How to Find Inner Peace — A Gullah Geechee Biz publication.,,"BUS000000,SEL000000,SOC002010",3.99,2d1971b5.epub
How to Find Your Purpose,Darryl Elliott Brown,How to Find Your Purpose — A Gullah Geechee Biz publication.,,"BUS000000,SEL000000,SOC002010",3.99,2d6bfd80.epub
How to Fry the Perfect Fish,Darryl Elliott Brown,How to Fry the Perfect Fish — A Gullah Geechee Biz publication.,,"BUS000000,SEL000000,SOC002010",3.99,2ee8d088.epub
How to Make Hoppin' John for New Year's,Darryl Elliott Brown,How to Make Hoppin' John for New Year's — A Gullah Geechee Biz publication.,,"BUS000000,SEL000000,SOC002010",3.99,2f185257.epub
KDP Draft — How to Practice Self-Compassion,Darryl Elliott Brown,KDP Draft — How to Practice Self-Compassion — A Gullah Geechee Biz publication.,,"BUS000000,SEL000000,SOC002010",3.99,2f5da155.epub
KDP Draft — How to Make Gullah Breakfast,Darryl Elliott Brown,KDP Draft — How to Make Gullah Breakfast — A Gullah Geechee Biz publication.,,"BUS000000,SEL000000,SOC002010",3.99,2f7f73d0.epub
How to Write Copy That Sells,Darryl Elliott Brown,How to Write Copy That Sells — A Gullah Geechee Biz publication.,,"BUS000000,SEL000000,SOC002010",3.99,2f8e8071.epub
Encyclopedia Volume 34,Darryl Elliott Brown,Encyclopedia Volume 34 — A Gullah Geechee Biz publication.,,"REF000000,SOC002010,HIS036120",9.99,2f93c7ec.epub
Gullah Geechee Business Planning,Darryl Elliott Brown,Gullah Geechee Business Planning — A Gullah Geechee Biz publication.,,"BUS000000,SEL000000,SOC002010",3.99,2fbf288a.epub
KDP Draft — How to Cook Gullah Cabbage,Darryl Elliott Brown,KDP Draft — How to Cook Gullah Cabbage — A Gullah Geechee Biz publication.,,"CKB000000,SOC002010,HIS036120",3.99,30016c68.epub
KDP Draft — How to Develop Emotional Intelligence,Darryl Elliott Brown,KDP Draft — How to Develop Emotional Intelligence — A Gullah Geechee Biz publication.,,"BUS000000,SEL000000,SOC002010",3.99,301fc02f.epub
KDP Draft — How to Find Inner Peace,Darryl Elliott Brown,KDP Draft — How to Find Inner Peace — A Gullah Geechee Biz publication.,,"BUS000000,SEL000000,SOC002010",3.99,30506859.epub
